<application>
  <component name="GitRememberedInputs">
    <option name="visitedUrls">
      <list>
        <UrlAndUserName>
          <option name="url" value="http://github.com" />
          <option name="userName" value="jairus.belza@gmail.com" />
        </UrlAndUserName>
        <UrlAndUserName>
          <option name="url" value="https://github.com/ndtacata/wsd_financial_institution.git" />
          <option name="userName" value="" />
        </UrlAndUserName>
        <UrlAndUserName>
          <option name="url" value="https://github.com/ndtacata/pgw_data_rest.git" />
          <option name="userName" value="" />
        </UrlAndUserName>
        <UrlAndUserName>
          <option name="url" value="https://github.com/ndtacata/pgw_payment.git" />
          <option name="userName" value="" />
        </UrlAndUserName>
        <UrlAndUserName>
          <option name="url" value="https://github.com/ndtacata/test_osb.git" />
          <option name="userName" value="" />
        </UrlAndUserName>
        <UrlAndUserName>
          <option name="url" value="https://github.com/ndtacata/wsd_pesonet_inquiry_service.git" />
          <option name="userName" value="" />
        </UrlAndUserName>
        <UrlAndUserName>
          <option name="url" value="https://github.com/ndtacata/wsd_holiday_service" />
          <option name="userName" value="" />
        </UrlAndUserName>
      </list>
    </option>
    <option name="cloneParentDir" value="C:\workspace" />
  </component>
</application>